{
  "full": {
    "condition": "full",
    "description": "C1 + C2 + C3: Pointwise + Equivariance + Counterfactual",
    "transition_mask_source": "state_diff",
    "test": {
      "precision": 0.9657527208328247,
      "recall": 0.9977954030036926,
      "f1": 0.9815126061439514,
      "macro_f1": 0.9696337580680847,
      "exact_match": 0.8386243581771851,
      "type_acc": 0.9995591044425964,
      "threshold": 0.05000000074505806,
      "pred_pos_rate": 0.2582947611808777,
      "label_pos_rate": 0.25,
      "avg_prob": 0.2519368529319763
    },
    "best_val_f1": 0.9669965505599976,
    "best_threshold": 0.05000000074505806
  }
}