{
  "static": {
    "condition": "static",
    "description": "C1: Pointwise Correctness only",
    "test": {
      "precision": 0.25,
      "recall": 1.0,
      "f1": 0.4000000059604645,
      "macro_f1": 0.38202112913131714,
      "exact_match": 0.0,
      "type_acc": 0.9260361790657043,
      "threshold": 0.05000000074505806,
      "pred_pos_rate": 1.0,
      "label_pos_rate": 0.25,
      "avg_prob": 0.4968731999397278
    },
    "best_val_f1": 0.4000000059604645,
    "best_threshold": 0.05000000074505806
  },
  "random_pairs": {
    "condition": "random_pairs",
    "description": "C1 + random pair consistency (no action structure)",
    "test": {
      "precision": 0.25,
      "recall": 1.0,
      "f1": 0.4000000059604645,
      "macro_f1": 0.38202112913131714,
      "exact_match": 0.0,
      "type_acc": 0.5,
      "threshold": 0.05000000074505806,
      "pred_pos_rate": 1.0,
      "label_pos_rate": 0.25,
      "avg_prob": 0.5073671936988831
    },
    "best_val_f1": 0.4000000059604645,
    "best_threshold": 0.05000000074505806
  },
  "adjacent": {
    "condition": "adjacent",
    "description": "C1 + C2: Pointwise + Action Equivariance",
    "test": {
      "precision": 0.9713611602783203,
      "recall": 0.998236358165741,
      "f1": 0.9846153259277344,
      "macro_f1": 0.9756977558135986,
      "exact_match": 0.8827160596847534,
      "type_acc": 1.0,
      "threshold": 0.05000000074505806,
      "pred_pos_rate": 0.256916880607605,
      "label_pos_rate": 0.25,
      "avg_prob": 0.25187948346138
    },
    "best_val_f1": 0.976980447769165,
    "best_threshold": 0.05000000074505806
  },
  "full": {
    "condition": "full",
    "description": "C1 + C2 + C3: Pointwise + Equivariance + Counterfactual",
    "test": {
      "precision": 0.9793468713760376,
      "recall": 0.9983465671539307,
      "f1": 0.988755464553833,
      "macro_f1": 0.981703519821167,
      "exact_match": 0.9232804179191589,
      "type_acc": 0.9996693134307861,
      "threshold": 0.05000000074505806,
      "pred_pos_rate": 0.2548500895500183,
      "label_pos_rate": 0.25,
      "avg_prob": 0.25093263387680054
    },
    "best_val_f1": 0.9834067225456238,
    "best_threshold": 0.05000000074505806
  }
}