{
  "static": {
    "condition": "static",
    "description": "C1: Pointwise Correctness only",
    "test": {
      "precision": 0.25,
      "recall": 1.0,
      "f1": 0.4000000059604645,
      "macro_f1": 0.38202112913131714,
      "exact_match": 0.0,
      "type_acc": 1.0,
      "threshold": 0.05000000074505806,
      "pred_pos_rate": 1.0,
      "label_pos_rate": 0.25,
      "avg_prob": 0.5186532139778137
    },
    "best_val_f1": 0.4000000059604645,
    "best_threshold": 0.05000000074505806
  },
  "random_pairs": {
    "condition": "random_pairs",
    "description": "C1 + random pair consistency (no action structure)",
    "test": {
      "precision": 0.25,
      "recall": 1.0,
      "f1": 0.4000000059604645,
      "macro_f1": 0.38202112913131714,
      "exact_match": 0.0,
      "type_acc": 0.5,
      "threshold": 0.05000000074505806,
      "pred_pos_rate": 1.0,
      "label_pos_rate": 0.25,
      "avg_prob": 0.45277854800224304
    },
    "best_val_f1": 0.4000000059604645,
    "best_threshold": 0.05000000074505806
  },
  "adjacent": {
    "condition": "adjacent",
    "description": "C1 + C2: Pointwise + Action Equivariance",
    "test": {
      "precision": 0.9805004596710205,
      "recall": 0.9976851940155029,
      "f1": 0.9890181422233582,
      "macro_f1": 0.9821421504020691,
      "exact_match": 0.9320987462997437,
      "type_acc": 0.9997795224189758,
      "threshold": 0.05000000074505806,
      "pred_pos_rate": 0.25438162684440613,
      "label_pos_rate": 0.25,
      "avg_prob": 0.2512844204902649
    },
    "best_val_f1": 0.9856635928153992,
    "best_threshold": 0.05000000074505806
  },
  "full": {
    "condition": "full",
    "description": "C1 + C2 + C3: Pointwise + Equivariance + Counterfactual",
    "test": {
      "precision": 0.9755387902259827,
      "recall": 0.9979056715965271,
      "f1": 0.9865954518318176,
      "macro_f1": 0.9795610904693604,
      "exact_match": 0.9021164178848267,
      "type_acc": 1.0,
      "threshold": 0.05000000074505806,
      "pred_pos_rate": 0.2557319104671478,
      "label_pos_rate": 0.25,
      "avg_prob": 0.251547634601593
    },
    "best_val_f1": 0.9790990352630615,
    "best_threshold": 0.05000000074505806
  }
}