{
  "adjacent": {
    "condition": "adjacent",
    "description": "C1 + C2: Pointwise + Action Equivariance",
    "transition_mask_source": "state_diff",
    "test": {
      "precision": 0.7413793206214905,
      "recall": 0.9906305074691772,
      "f1": 0.8480702042579651,
      "macro_f1": 0.8106386661529541,
      "exact_match": 0.0873015895485878,
      "type_acc": 0.9739859104156494,
      "threshold": 0.05000000074505806,
      "pred_pos_rate": 0.3340498208999634,
      "label_pos_rate": 0.25,
      "avg_prob": 0.2768091857433319
    },
    "best_val_f1": 0.817288339138031,
    "best_threshold": 0.05000000074505806
  },
  "full": {
    "condition": "full",
    "description": "C1 + C2 + C3: Pointwise + Equivariance + Counterfactual",
    "transition_mask_source": "state_diff",
    "test": {
      "precision": 0.8069484233856201,
      "recall": 0.9933862686157227,
      "f1": 0.8905138373374939,
      "macro_f1": 0.856345534324646,
      "exact_match": 0.3262786567211151,
      "type_acc": 0.9834656119346619,
      "threshold": 0.05000000074505806,
      "pred_pos_rate": 0.3077601492404938,
      "label_pos_rate": 0.25,
      "avg_prob": 0.2763606309890747
    },
    "best_val_f1": 0.8576067686080933,
    "best_threshold": 0.05000000074505806
  }
}