{
  "400": {
    "_metadata": {
      "k_requested": 400,
      "fewshot_unit": "image",
      "n_labeled_samples": 400,
      "n_labeled_states": 308,
      "feat_per_state": 4,
      "transition_mask_source": "pddl",
      "conditions": [
        "adjacent",
        "full"
      ],
      "train_seed": 42,
      "transition_state_labels": false,
      "w_transition_seed": 0.0,
      "transition_warmup_epochs": 20
    },
    "adjacent": {
      "test": {
        "precision": 0.8039669394493103,
        "recall": 0.9938700199127197,
        "f1": 0.8888888359069824,
        "macro_f1": 0.4780357778072357,
        "exact_match": 0.0,
        "type_acc": 1.0,
        "threshold": 0.05000000074505806,
        "pred_pos_rate": 0.13552866876125336,
        "label_pos_rate": 0.10963261872529984,
        "avg_prob": 0.11526432633399963
      },
      "best_val_f1": 0.8935625553131104,
      "best_threshold": 0.05000000074505806,
      "transition_mask_source": "pddl"
    },
    "full": {
      "test": {
        "precision": 0.7497892379760742,
        "recall": 0.9995913505554199,
        "f1": 0.8568550944328308,
        "macro_f1": 0.4606907367706299,
        "exact_match": 0.0,
        "type_acc": 1.0,
        "threshold": 0.05000000074505806,
        "pred_pos_rate": 0.1461581587791443,
        "label_pos_rate": 0.10963261872529984,
        "avg_prob": 0.1152333989739418
      },
      "best_val_f1": 0.8607994318008423,
      "best_threshold": 0.05000000074505806,
      "transition_mask_source": "pddl"
    }
  }
}