{
  "static": {
    "condition": "static",
    "description": "C1: Pointwise Correctness only",
    "test": {
      "precision": 0.25,
      "recall": 1.0,
      "f1": 0.4000000059604645,
      "macro_f1": 0.38202112913131714,
      "exact_match": 0.0,
      "type_acc": 1.0,
      "threshold": 0.05000000074505806,
      "pred_pos_rate": 1.0,
      "label_pos_rate": 0.25,
      "avg_prob": 0.4761052131652832
    },
    "best_val_f1": 0.4000000059604645,
    "best_threshold": 0.05000000074505806
  },
  "random_pairs": {
    "condition": "random_pairs",
    "description": "C1 + random pair consistency (no action structure)",
    "test": {
      "precision": 0.25,
      "recall": 1.0,
      "f1": 0.4000000059604645,
      "macro_f1": 0.38202112913131714,
      "exact_match": 0.0,
      "type_acc": 1.0,
      "threshold": 0.05000000074505806,
      "pred_pos_rate": 1.0,
      "label_pos_rate": 0.25,
      "avg_prob": 0.42440035939216614
    },
    "best_val_f1": 0.4000000059604645,
    "best_threshold": 0.05000000074505806
  },
  "adjacent": {
    "condition": "adjacent",
    "description": "C1 + C2: Pointwise + Action Equivariance",
    "test": {
      "precision": 0.9750134348869324,
      "recall": 0.9979056715965271,
      "f1": 0.9863267540931702,
      "macro_f1": 0.9783437252044678,
      "exact_match": 0.9056437611579895,
      "type_acc": 1.0,
      "threshold": 0.05000000074505806,
      "pred_pos_rate": 0.25586971640586853,
      "label_pos_rate": 0.25,
      "avg_prob": 0.25170108675956726
    },
    "best_val_f1": 0.9811075329780579,
    "best_threshold": 0.05000000074505806
  },
  "full": {
    "condition": "full",
    "description": "C1 + C2 + C3: Pointwise + Equivariance + Counterfactual",
    "test": {
      "precision": 0.9752939939498901,
      "recall": 0.9964726567268372,
      "f1": 0.9857695698738098,
      "macro_f1": 0.977581799030304,
      "exact_match": 0.8994709253311157,
      "type_acc": 1.0,
      "threshold": 0.05000000074505806,
      "pred_pos_rate": 0.2554287910461426,
      "label_pos_rate": 0.25,
      "avg_prob": 0.25112855434417725
    },
    "best_val_f1": 0.9801410436630249,
    "best_threshold": 0.05000000074505806
  }
}