{
  "full": {
    "condition": "full",
    "description": "C1 + C2 + C3: Pointwise + Equivariance + Counterfactual",
    "transition_mask_source": "state_diff",
    "test": {
      "precision": 0.9077602028846741,
      "recall": 0.9980158805847168,
      "f1": 0.9507508277893066,
      "macro_f1": 0.9244945645332336,
      "exact_match": 0.5211640000343323,
      "type_acc": 0.9998897910118103,
      "threshold": 0.05000000074505806,
      "pred_pos_rate": 0.27485671639442444,
      "label_pos_rate": 0.25,
      "avg_prob": 0.26829105615615845
    },
    "best_val_f1": 0.9303569197654724,
    "best_threshold": 0.05000000074505806
  }
}