{
  "full": {
    "condition": "full",
    "description": "C1 + C2 + C3: Pointwise + Equivariance + Counterfactual",
    "transition_mask_source": "state_diff",
    "test": {
      "precision": 0.9274887442588806,
      "recall": 0.998236358165741,
      "f1": 0.961562991142273,
      "macro_f1": 0.9396864771842957,
      "exact_match": 0.6084656119346619,
      "type_acc": 0.9998897910118103,
      "threshold": 0.05000000074505806,
      "pred_pos_rate": 0.2690696716308594,
      "label_pos_rate": 0.25,
      "avg_prob": 0.25782686471939087
    },
    "best_val_f1": 0.9458328485488892,
    "best_threshold": 0.05000000074505806
  }
}