{
  "20": {
    "_metadata": {
      "k_requested": 20,
      "fewshot_unit": "image",
      "n_labeled_samples": 20,
      "n_labeled_states": 20,
      "feat_per_state": 9
    },
    "static": {
      "test": {
        "precision": 0.25,
        "recall": 1.0,
        "f1": 0.4000000059604645,
        "macro_f1": 0.38202112913131714,
        "exact_match": 0.0,
        "type_acc": 0.9619709253311157,
        "threshold": 0.05000000074505806,
        "pred_pos_rate": 1.0,
        "label_pos_rate": 0.25,
        "avg_prob": 0.47849559783935547
      },
      "best_val_f1": 0.4000000059604645,
      "best_threshold": 0.05000000074505806
    },
    "random_pairs": {
      "test": {
        "precision": 0.25,
        "recall": 1.0,
        "f1": 0.4000000059604645,
        "macro_f1": 0.38202112913131714,
        "exact_match": 0.0,
        "type_acc": 0.5,
        "threshold": 0.05000000074505806,
        "pred_pos_rate": 1.0,
        "label_pos_rate": 0.25,
        "avg_prob": 0.46198973059654236
      },
      "best_val_f1": 0.4000000059604645,
      "best_threshold": 0.05000000074505806
    },
    "adjacent": {
      "test": {
        "precision": 0.9565722942352295,
        "recall": 0.9979056715965271,
        "f1": 0.976801872253418,
        "macro_f1": 0.9621860384941101,
        "exact_match": 0.7751322984695435,
        "type_acc": 0.9993386268615723,
        "threshold": 0.05000000074505806,
        "pred_pos_rate": 0.2608024775981903,
        "label_pos_rate": 0.25,
        "avg_prob": 0.2548457086086273
      },
      "best_val_f1": 0.9669682383537292,
      "best_threshold": 0.05000000074505806
    },
    "full": {
      "test": {
        "precision": 0.9643161296844482,
        "recall": 0.9979056715965271,
        "f1": 0.9808233976364136,
        "macro_f1": 0.9685310125350952,
        "exact_match": 0.8386243581771851,
        "type_acc": 0.9910714030265808,
        "threshold": 0.05000000074505806,
        "pred_pos_rate": 0.258708119392395,
        "label_pos_rate": 0.25,
        "avg_prob": 0.25312289595603943
      },
      "best_val_f1": 0.9688002467155457,
      "best_threshold": 0.05000000074505806
    }
  },
  "50": {
    "_metadata": {
      "k_requested": 50,
      "fewshot_unit": "image",
      "n_labeled_samples": 50,
      "n_labeled_states": 47,
      "feat_per_state": 9
    },
    "static": {
      "test": {
        "precision": 0.25,
        "recall": 1.0,
        "f1": 0.4000000059604645,
        "macro_f1": 0.38202112913131714,
        "exact_match": 0.0,
        "type_acc": 0.9260361790657043,
        "threshold": 0.05000000074505806,
        "pred_pos_rate": 1.0,
        "label_pos_rate": 0.25,
        "avg_prob": 0.4968731999397278
      },
      "best_val_f1": 0.4000000059604645,
      "best_threshold": 0.05000000074505806
    },
    "random_pairs": {
      "test": {
        "precision": 0.25,
        "recall": 1.0,
        "f1": 0.4000000059604645,
        "macro_f1": 0.38202112913131714,
        "exact_match": 0.0,
        "type_acc": 0.5,
        "threshold": 0.05000000074505806,
        "pred_pos_rate": 1.0,
        "label_pos_rate": 0.25,
        "avg_prob": 0.5073671936988831
      },
      "best_val_f1": 0.4000000059604645,
      "best_threshold": 0.05000000074505806
    },
    "adjacent": {
      "test": {
        "precision": 0.9713611602783203,
        "recall": 0.998236358165741,
        "f1": 0.9846153259277344,
        "macro_f1": 0.9756977558135986,
        "exact_match": 0.8827160596847534,
        "type_acc": 1.0,
        "threshold": 0.05000000074505806,
        "pred_pos_rate": 0.256916880607605,
        "label_pos_rate": 0.25,
        "avg_prob": 0.25187948346138
      },
      "best_val_f1": 0.976980447769165,
      "best_threshold": 0.05000000074505806
    },
    "full": {
      "test": {
        "precision": 0.9793468713760376,
        "recall": 0.9983465671539307,
        "f1": 0.988755464553833,
        "macro_f1": 0.981703519821167,
        "exact_match": 0.9232804179191589,
        "type_acc": 0.9996693134307861,
        "threshold": 0.05000000074505806,
        "pred_pos_rate": 0.2548500895500183,
        "label_pos_rate": 0.25,
        "avg_prob": 0.25093263387680054
      },
      "best_val_f1": 0.9834067225456238,
      "best_threshold": 0.05000000074505806
    }
  },
  "100": {
    "_metadata": {
      "k_requested": 100,
      "fewshot_unit": "image",
      "n_labeled_samples": 100,
      "n_labeled_states": 94,
      "feat_per_state": 9
    },
    "static": {
      "test": {
        "precision": 0.25,
        "recall": 1.0,
        "f1": 0.4000000059604645,
        "macro_f1": 0.38202112913131714,
        "exact_match": 0.0,
        "type_acc": 1.0,
        "threshold": 0.05000000074505806,
        "pred_pos_rate": 1.0,
        "label_pos_rate": 0.25,
        "avg_prob": 0.5186532139778137
      },
      "best_val_f1": 0.4000000059604645,
      "best_threshold": 0.05000000074505806
    },
    "random_pairs": {
      "test": {
        "precision": 0.25,
        "recall": 1.0,
        "f1": 0.4000000059604645,
        "macro_f1": 0.38202112913131714,
        "exact_match": 0.0,
        "type_acc": 0.5,
        "threshold": 0.05000000074505806,
        "pred_pos_rate": 1.0,
        "label_pos_rate": 0.25,
        "avg_prob": 0.45277854800224304
      },
      "best_val_f1": 0.4000000059604645,
      "best_threshold": 0.05000000074505806
    },
    "adjacent": {
      "test": {
        "precision": 0.9805004596710205,
        "recall": 0.9976851940155029,
        "f1": 0.9890181422233582,
        "macro_f1": 0.9821421504020691,
        "exact_match": 0.9320987462997437,
        "type_acc": 0.9997795224189758,
        "threshold": 0.05000000074505806,
        "pred_pos_rate": 0.25438162684440613,
        "label_pos_rate": 0.25,
        "avg_prob": 0.2512844204902649
      },
      "best_val_f1": 0.9856635928153992,
      "best_threshold": 0.05000000074505806
    },
    "full": {
      "test": {
        "precision": 0.9755387902259827,
        "recall": 0.9979056715965271,
        "f1": 0.9865954518318176,
        "macro_f1": 0.9795610904693604,
        "exact_match": 0.9021164178848267,
        "type_acc": 1.0,
        "threshold": 0.05000000074505806,
        "pred_pos_rate": 0.2557319104671478,
        "label_pos_rate": 0.25,
        "avg_prob": 0.251547634601593
      },
      "best_val_f1": 0.9790990352630615,
      "best_threshold": 0.05000000074505806
    }
  },
  "200": {
    "_metadata": {
      "k_requested": 200,
      "fewshot_unit": "image",
      "n_labeled_samples": 200,
      "n_labeled_states": 171,
      "feat_per_state": 9
    },
    "static": {
      "test": {
        "precision": 0.25,
        "recall": 1.0,
        "f1": 0.4000000059604645,
        "macro_f1": 0.38202112913131714,
        "exact_match": 0.0,
        "type_acc": 1.0,
        "threshold": 0.05000000074505806,
        "pred_pos_rate": 1.0,
        "label_pos_rate": 0.25,
        "avg_prob": 0.4761052131652832
      },
      "best_val_f1": 0.4000000059604645,
      "best_threshold": 0.05000000074505806
    },
    "random_pairs": {
      "test": {
        "precision": 0.25,
        "recall": 1.0,
        "f1": 0.4000000059604645,
        "macro_f1": 0.38202112913131714,
        "exact_match": 0.0,
        "type_acc": 1.0,
        "threshold": 0.05000000074505806,
        "pred_pos_rate": 1.0,
        "label_pos_rate": 0.25,
        "avg_prob": 0.42440035939216614
      },
      "best_val_f1": 0.4000000059604645,
      "best_threshold": 0.05000000074505806
    },
    "adjacent": {
      "test": {
        "precision": 0.9750134348869324,
        "recall": 0.9979056715965271,
        "f1": 0.9863267540931702,
        "macro_f1": 0.9783437252044678,
        "exact_match": 0.9056437611579895,
        "type_acc": 1.0,
        "threshold": 0.05000000074505806,
        "pred_pos_rate": 0.25586971640586853,
        "label_pos_rate": 0.25,
        "avg_prob": 0.25170108675956726
      },