{
  "static": {
    "condition": "static",
    "description": "C1: Pointwise Correctness only",
    "test": {
      "precision": 0.25,
      "recall": 1.0,
      "f1": 0.4000000059604645,
      "macro_f1": 0.38202112913131714,
      "exact_match": 0.0,
      "type_acc": 0.9619709253311157,
      "threshold": 0.05000000074505806,
      "pred_pos_rate": 1.0,
      "label_pos_rate": 0.25,
      "avg_prob": 0.47849559783935547
    },
    "best_val_f1": 0.4000000059604645,
    "best_threshold": 0.05000000074505806
  },
  "random_pairs": {
    "condition": "random_pairs",
    "description": "C1 + random pair consistency (no action structure)",
    "test": {
      "precision": 0.25,
      "recall": 1.0,
      "f1": 0.4000000059604645,
      "macro_f1": 0.38202112913131714,
      "exact_match": 0.0,
      "type_acc": 0.5,
      "threshold": 0.05000000074505806,
      "pred_pos_rate": 1.0,
      "label_pos_rate": 0.25,
      "avg_prob": 0.46198973059654236
    },
    "best_val_f1": 0.4000000059604645,
    "best_threshold": 0.05000000074505806
  },
  "adjacent": {
    "condition": "adjacent",
    "description": "C1 + C2: Pointwise + Action Equivariance",
    "test": {
      "precision": 0.9565722942352295,
      "recall": 0.9979056715965271,
      "f1": 0.976801872253418,
      "macro_f1": 0.9621860384941101,
      "exact_match": 0.7751322984695435,
      "type_acc": 0.9993386268615723,
      "threshold": 0.05000000074505806,
      "pred_pos_rate": 0.2608024775981903,
      "label_pos_rate": 0.25,
      "avg_prob": 0.2548457086086273
    },
    "best_val_f1": 0.9669682383537292,
    "best_threshold": 0.05000000074505806
  },
  "full": {
    "condition": "full",
    "description": "C1 + C2 + C3: Pointwise + Equivariance + Counterfactual",
    "test": {
      "precision": 0.9643161296844482,
      "recall": 0.9979056715965271,
      "f1": 0.9808233976364136,
      "macro_f1": 0.9685310125350952,
      "exact_match": 0.8386243581771851,
      "type_acc": 0.9910714030265808,
      "threshold": 0.05000000074505806,
      "pred_pos_rate": 0.258708119392395,
      "label_pos_rate": 0.25,
      "avg_prob": 0.25312289595603943
    },
    "best_val_f1": 0.9688002467155457,
    "best_threshold": 0.05000000074505806
  }
}