{
  "adjacent": {
    "condition": "adjacent",
    "description": "C1 + C2: Pointwise + Action Equivariance",
    "transition_mask_source": "pddl",
    "test": {
      "precision": 0.8544510006904602,
      "recall": 0.9914180636405945,
      "f1": 0.9178528785705566,
      "macro_f1": 0.5151744484901428,
      "exact_match": 0.0,
      "type_acc": 1.0,
      "threshold": 0.05000000074505806,
      "pred_pos_rate": 0.12720653414726257,
      "label_pos_rate": 0.10963261872529984,
      "avg_prob": 0.1106095090508461
    },
    "best_val_f1": 0.921012818813324,
    "best_threshold": 0.05000000074505806
  },
  "full": {
    "condition": "full",
    "description": "C1 + C2 + C3: Pointwise + Equivariance + Counterfactual",
    "transition_mask_source": "pddl",
    "test": {
      "precision": 0.8350030183792114,
      "recall": 0.9963220357894897,
      "f1": 0.9085572957992554,
      "macro_f1": 0.5029379725456238,
      "exact_match": 0.0,
      "type_acc": 1.0,
      "threshold": 0.05000000074505806,
      "pred_pos_rate": 0.13081316649913788,
      "label_pos_rate": 0.10963261872529984,
      "avg_prob": 0.11265001446008682
    },
    "best_val_f1": 0.9128224849700928,
    "best_threshold": 0.05000000074505806
  }
}