{
  "full": {
    "condition": "full",
    "description": "C1 + C2 + C3: Pointwise + Equivariance + Counterfactual",
    "transition_mask_source": "state_diff",
    "test": {
      "precision": 0.9165569543838501,
      "recall": 0.9976851940155029,
      "f1": 0.9554019570350647,
      "macro_f1": 0.9302938580513,
      "exact_match": 0.5388007164001465,
      "type_acc": 0.9988977313041687,
      "threshold": 0.05000000074505806,
      "pred_pos_rate": 0.27212852239608765,
      "label_pos_rate": 0.25,
      "avg_prob": 0.26710420846939087
    },
    "best_val_f1": 0.9339330196380615,
    "best_threshold": 0.05000000074505806
  }
}